mssubclass,mszoning,lotfrontage,lotarea,street,alley,lotshape,landcontour,utilities,lotconfig,landslope,neighborhood,condition1,condition2,bldgtype,housestyle,overallqual,overallcond,yearbuilt,yearremodadd,roofstyle,roofmatl,exterior1st,exterior2nd,masvnrtype,masvnrarea,exterqual,extercond,foundation,bsmtqual,bsmtcond,bsmtexposure,bsmtfintype1,bsmtfinsf1,bsmtfintype2,bsmtfinsf2,bsmtunfsf,totalbsmtsf,heating,heatingqc,centralair,electrical,1stflrsf,2ndflrsf,lowqualfinsf,grlivarea,bsmtfullbath,bsmthalfbath,fullbath,halfbath,bedroomabvgr,kitchenabvgr,kitchenqual,totrmsabvgrd,functional,fireplaces,fireplacequ,garagetype,garageyrblt,garagefinish,garagecars,garagearea,garagequal,garagecond,paveddrive,wooddecksf,openporchsf,enclosedporch,3ssnporch,screenporch,poolarea,fence,miscfeature,miscval,mosold,yrsold,saletype,salecondition,saleprice
4.110873864173311,RL,4.189654742026425,9.042040056544485,Pave,Grvl,Reg,Lvl,AllPub,Inside,Gtl,CollgCr,Norm,Norm,1Fam,2Story,7,5,2003,2003,Gable,CompShg,VinylSd,VinylSd,BrkFace,5.2832037287379885,2,4,PConc,Gd,TA,No,GLQ,6.561030665896573,Unf,0.0,5.017279836814924,6.75343791859778,GasA,0,Y,SBrkr,6.75343791859778,6.75110146893676,0.0,7.444833273892193,1,0.0,2,1,3,0.6931471805599453,2,8,Typ,0,Gd,Attchd,2003.0,RFn,2,548,TA,TA,Y,0.0,4.127134385045092,0.0,0.0,0.0,0.0,MnPrv,Shed,0.0,2,2008,WD,Normal,12.24769911637256
3.9318256327243257,C (ALL),4.663439094112067,9.044403844431551,Pave,Grvl,IR1,Lvl,AllPub,Corner,Gtl,IDOTRR,Feedr,Feedr,1Fam,1.5Fin,3,2,1915,1982,Hip,CompShg,Plywood,Plywood,BrkFace,0.0,1,1,CBlock,TA,Fa,No,Unf,0.0,Unf,0.0,6.921658184151129,6.921658184151129,GasA,4,N,SBrkr,6.921658184151129,0.0,6.2422232654551655,7.331060305218632,0,0.0,1,0,2,0.6931471805599453,1,6,Typ,0,Gd,Attchd,1980.0,Unf,0,0,TA,TA,N,0.0,0.0,5.056245805348308,0.0,0.0,0.0,MnPrv,Shed,0.0,10,2009,ConLD,Abnorml,11.350418300109132
4.330733340286331,RM,4.51085950651685,10.041116787524166,Pave,Grvl,IR2,Lvl,AllPub,Inside,Gtl,OldTown,Artery,Norm,1Fam,2.5Fin,10,9,1892,1993,Gable,WdShngl,Wd Sdng,Wd Sdng,BrkFace,0.0,2,2,BrkTil,TA,TA,Mn,Unf,0.0,Unf,0.0,7.010311867307229,7.010311867307229,GasA,0,Y,SBrkr,7.325807502595773,7.325807502595773,6.35088571671474,8.19118600464279,0,0.0,2,1,4,0.6931471805599453,0,12,Typ,2,TA,Detchd,1993.0,Unf,3,840,Ex,TA,Y,0.0,5.564520407322694,0.0,0.0,6.018593214496234,0.0,GdPrv,Shed,0.0,6,2006,WD,Normal,13.07107218827772
5.25227342804663,RL,4.248495242049359,10.387887062065596,Pave,Grvl,Reg,Low,AllPub,Inside,Mod,Mitchel,Norm,Norm,2fmCon,1Story,4,4,1961,1975,Gable,CompShg,MetalSd,MetalSd,Stone,5.010635294096256,3,2,CBlock,TA,TA,Av,BLQ,7.05617528410041,Unf,0.0,4.51085950651685,7.1308988302963465,GasA,0,Y,SBrkr,7.392031567514591,0.0,0.0,7.392031567514591,1,0.0,1,0,3,0.6931471805599453,3,7,Typ,1,TA,2Types,1975.0,Fin,4,1356,TA,TA,Y,6.0867747269123065,0.0,0.0,0.0,0.0,0.0,MnPrv,Shed,0.0,3,2007,WD,Normal,12.031725210748633
3.4339872044851463,RL,4.248495242049359,9.212438170058329,Pave,Grvl,IR1,Low,AllPub,Inside,Sev,Edwards,Norm,Norm,1Fam,1Story,1,1,1922,1950,Gable,CompShg,Wd Sdng,Wd Sdng,BrkFace,0.0,1,1,BrkTil,Fa,Po,Gd,BLQ,5.860786223465865,Unf,0.0,5.811140992976701,6.52795791762255,GasA,2,N,FuseA,6.807934943699926,0.0,0.0,6.807934943699926,1,0.0,0,1,1,0.6931471805599453,1,4,Maj1,0,Gd,Attchd,1980.0,Unf,0,0,TA,TA,Y,0.0,0.0,0.0,0.0,0.0,0.0,MnPrv,Shed,0.0,3,2009,WD,Normal,11.0186455364637
4.394449154672439,RL,4.262679877041316,9.259225769705994,Pave,Grvl,Reg,Lvl,AllPub,FR2,Gtl,NAmes,Norm,Norm,1Fam,SLvl,5,7,1971,2005,Gambrel,CompShg,MetalSd,AsphShn,BrkFace,4.418840607796598,3,4,CBlock,TA,TA,Av,ALQ,5.857933154483459,Unf,0.0,3.1780538303479458,5.921578419643816,GasA,4,Y,SBrkr,6.3578422665081,6.280395838960195,0.0,7.01211529430638,0,0.6931471805599453,1,0,3,0.6931471805599453,3,5,Typ,0,Gd,BuiltIn,1971.0,Unf,1,288,TA,TA,Y,3.58351893845611,0.0,0.0,0.0,0.0,0.0,GdWo,Shed,0.0,12,2007,WD,Normal,11.842236406331557
4.51085950651685,RL,3.58351893845611,9.148571345578551,Pave,Grvl,IR1,Lvl,AllPub,CulDSac,Gtl,Edwards,Norm,Norm,Duplex,SFoyer,6,5,1975,1975,Flat,Tar&Grv,WdShing,Plywood,BrkFace,5.525452939131784,3,4,CBlock,Gd,Gd,Gd,GLQ,6.852242569051878,Unf,0.0,0.0,6.852242569051878,GasA,4,Y,SBrkr,6.888572459565364,0.0,0.0,6.888572459565364,0,1.0986122886681098,2,0,4,0.0,3,4,Typ,0,Gd,Attchd,1980.0,Unf,0,0,TA,TA,Y,0.0,0.0,0.0,0.0,0.0,0.0,MnPrv,Shed,0.0,10,2006,WD,AdjLand,11.755879486687116
4.110873864173311,RL,5.749392985908253,11.064886829303004,Pave,Grvl,IR3,Bnk,AllPub,Corner,Gtl,Edwards,Feedr,Norm,1Fam,2Story,10,5,2008,2008,Hip,ClyTile,Stucco,Stucco,Stone,6.680854678790215,0,4,PConc,Ex,TA,Gd,GLQ,8.638525476583762,Unf,0.0,6.1463292576688975,8.717845704894916,GasA,0,Y,SBrkr,8.453827315794417,6.85751406254539,0.0,8.63817111796914,2,0.0,2,1,3,0.6931471805599453,0,12,Typ,3,Gd,Attchd,2008.0,Fin,2,1418,TA,TA,Y,5.3706380281276624,5.680172609017068,0.0,0.0,0.0,6.175867270105761,MnPrv,Shed,0.0,1,2008,New,Partial,11.982935344196433
3.4339872044851463,RL,4.248495242049359,9.088737550216932,Pave,Grvl,Reg,Lvl,AllPub,Inside,Gtl,BrkSide,Norm,Norm,1Fam,1.5Unf,6,6,1916,1950,Gable,CompShg,Wd Sdng,Wd Sdng,BrkFace,0.0,3,4,BrkTil,TA,TA,No,Unf,0.0,Unf,0.0,6.859614903654202,6.859614903654202,Grav,1,N,FuseF,6.859614903654202,0.0,0.0,6.859614903654202,0,0.0,1,0,2,0.6931471805599453,1,4,Typ,1,Gd,Detchd,1916.0,Unf,1,192,Fa,Po,P,0.0,4.59511985013459,0.0,0.0,3.713572066704308,0.0,MnPrv,Shed,0.0,5,2009,WD,Normal,11.703554089007538
4.51085950651685,RM,4.709530201312334,9.044639916198465,Grvl,Grvl,IR2,Bnk,AllPub,Corner,Mod,IDOTRR,RRNn,Norm,Duplex,1Story,5,5,1963,1963,Gable,CompShg,Wd Sdng,Wd Sdng,BrkFace,0.0,1,4,CBlock,Gd,TA,Gd,LwQ,4.653960350157523,GLQ,6.569481420414296,0.0,6.705639094860003,GasA,4,N,SBrkr,6.705639094860003,0.0,0.0,6.705639094860003,1,0.0,1,0,2,0.6931471805599453,3,5,Typ,0,Gd,CarPort,1963.0,Unf,2,516,TA,TA,Y,4.672828834461906,0.0,0.0,0.0,0.0,0.0,MnPrv,Shed,0.0,5,2010,WD,Normal,11.60824473564232
4.51085950651685,RL,4.248495242049359,9.846440897156851,Pave,Grvl,IR1,Lvl,AllPub,Inside,Gtl,Sawyer,Feedr,RRAe,Duplex,1.5Fin,5,5,1977,1977,Shed,CompShg,Plywood,Plywood,BrkFace,0.6931471805599453,3,4,CBlock,Gd,TA,No,GLQ,6.212606095751519,Rec,5.356586274672012,6.481577129276431,7.216709486709457,GasA,0,Y,SBrkr,7.216709486709457,7.138866999945524,0.0,7.8713112033234065,0,0.0,2,2,4,1.0986122886681098,3,12,Typ,1,TA,BuiltIn,1977.0,RFn,2,600,TA,TA,N,5.049856007249537,3.218875824868201,4.983606621708336,0.0,0.0,0.0,MnPrv,Gar2,9.024131268455037,8,2007,WD,Normal,12.154784614286667
4.110873864173311,RL,4.394449154672439,9.722744748855389,Pave,Grvl,IR1,Lvl,AllPub,Inside,Gtl,NWAmes,RRAn,Norm,1Fam,2Story,7,5,1978,1978,Gable,CompShg,Plywood,Plywood,BrkFace,5.220355825078324,3,4,CBlock,Gd,TA,No,BLQ,6.673297967767654,LwQ,6.152732694704104,4.897839799950911,7.239214973779806,GasA,4,Y,SBrkr,7.239214973779806,7.239214973779806,0.0,7.932003152361385,1,0.0,3,1,5,0.6931471805599453,2,12,Typ,2,TA,Attchd,1978.0,RFn,2,564,TA,TA,Y,0.0,4.727387818712341,0.0,0.0,6.089044875446846,6.253828811575473,MnPrv,TenC,7.601402334583733,7,2006,WD,Normal,12.429220196836384
3.044522437723423,RL,4.31748811353631,9.2308290384035,Pave,Grvl,Reg,Lvl,AllPub,Corner,Gtl,Edwards,Norm,Norm,1Fam,1Story,3,3,1952,1952,Flat,Tar&Grv,BrkComm,Brk Cmn,BrkFace,0.0,3,4,Slab,TA,TA,No,Unf,0.0,Unf,0.0,0.0,0.0,GasW,1,N,FuseF,6.851184927493743,0.0,0.0,6.851184927493743,0,0.0,1,0,2,0.6931471805599453,1,4,Min1,0,Gd,Detchd,1956.0,Unf,2,528,TA,Fa,Y,0.0,0.0,0.0,0.0,0.0,0.0,MnPrv,Shed,0.0,7,2009,WD,Normal,11.31448672129398
5.081404364984463,FV,3.218875824868201,7.880804344674901,Pave,Pave,Reg,Lvl,AllPub,Inside,Gtl,Somerst,Norm,Norm,Twnhs,2Story,8,5,1999,2000,Gable,CompShg,MetalSd,MetalSd,BrkFace,6.124683390894205,2,4,PConc,Gd,TA,No,GLQ,6.476972362889683,Unf,0.0,5.7745515455444085,6.878326468291325,GasA,0,Y,SBrkr,6.891625897052253,6.6293632534374485,0.0,7.461640392208575,1,0.0,2,1,3,0.6931471805599453,2,7,Typ,0,Gd,Attchd,1999.0,Fin,2,480,TA,TA,Y,4.7535901911063645,0.0,0.0,0.0,0.0,0.0,MnPrv,Shed,0.0,8,2009,WD,Abnorml,12.058158312538197
4.51085950651685,RM,4.262679877041316,9.116139576577355,Pave,Grvl,Reg,Lvl,AllPub,Inside,Gtl,Sawyer,RRAe,Norm,Duplex,1Story,5,5,1963,1963,Gable,CompShg,HdBoard,HdBoard,BrkFace,5.820082930352362,3,4,CBlock,TA,TA,No,Rec,7.195187320178709,Unf,0.0,5.983936280687191,7.455298485683291,GasA,4,Y,SBrkr,7.455298485683291,0.0,0.0,7.455298485683291,1,0.0,2,0,6,1.0986122886681098,3,10,Typ,0,Gd,Detchd,1963.0,Unf,2,504,TA,TA,Y,0.0,0.0,0.0,0.0,0.0,0.0,MnPrv,Shed,0.0,11,2006,ConLI,Abnorml,11.736077016252436
5.25227342804663,RM,4.248495242049359,9.120743838164426,Pave,Grvl,Reg,Lvl,AllPub,Inside,Gtl,OldTown,Norm,Norm,2fmCon,2Story,6,8,1910,1950,Gable,CompShg,AsbShng,AsbShng,BrkFace,0.0,3,1,Stone,Fa,TA,No,Unf,0.0,Unf,0.0,6.928537818164665,6.928537818164665,GasA,2,N,FuseP,6.812345094177479,6.928537818164665,0.0,7.564757012905729,0,0.0,2,0,4,1.0986122886681098,1,9,Typ,0,Gd,Detchd,1910.0,Unf,1,440,Po,Po,Y,0.0,4.110873864173311,4.727387818712341,0.0,0.0,0.0,MnPrv,Shed,0.0,4,2006,WD,Normal,11.827743504053696
4.330733340286331,RM,4.330733340286331,9.510519035757246,Pave,Grvl,Reg,Lvl,AllPub,Inside,Gtl,OldTown,Artery,PosA,1Fam,2.5Unf,10,9,1893,2000,Gable,CompShg,Wd Sdng,Wd Sdng,BrkFace,0.0,0,0,BrkTil,TA,TA,No,Unf,0.0,Unf,0.0,7.121252453244542,7.121252453244542,GasA,2,Y,SBrkr,7.327780538421631,7.134890851565884,0.0,7.928766321626695,0,0.0,3,1,3,0.6931471805599453,2,9,Typ,1,Gd,Detchd,1988.0,Unf,2,880,Gd,TA,Y,4.663439094112067,6.220590170099739,0.0,0.0,0.0,0.0,MnPrv,Shed,0.0,7,2008,WD,Normal,12.691583538230216
4.795790545596741,RM,3.80666248977032,8.46611040118692,Pave,Grvl,IR1,HLS,AllPub,Inside,Mod,Crawfor,Norm,Norm,TwnhsE,1Story,8,5,2006,2007,Hip,CompShg,VinylSd,VinylSd,Stone,6.1779441140506,2,4,PConc,Gd,TA,Gd,GLQ,7.361375428977347,Unf,0.0,0.0,7.361375428977347,GasA,0,Y,SBrkr,7.3938782901077555,0.0,0.0,7.3938782901077555,1,0.6931471805599453,2,0,2,0.6931471805599453,2,5,Typ,1,Gd,Attchd,2006.0,Fin,2,538,TA,TA,Y,4.820281565605037,0.0,0.0,0.0,5.0369526024136295,0.0,MnPrv,Shed,0.0,12,2007,WD,Family,12.367345048436391
4.394449154672439,RL,4.574710978503383,9.330431852234003,Pave,Grvl,Reg,Lvl,AllPub,Corner,Gtl,NAmes,PosN,Norm,1Fam,SLvl,7,7,1967,2007,Mansard,WdShake,Wd Sdng,Wd Sdng,BrkFace,5.707110264748875,2,2,CBlock,Gd,TA,No,Unf,0.0,Unf,0.0,6.566672429803241,6.566672429803241,GasA,0,Y,SBrkr,7.549082710812286,6.985641817639208,0.0,7.999342952713282,0,0.0,2,1,5,0.6931471805599453,2,11,Typ,1,Gd,BuiltIn,1961.0,Fin,2,564,TA,TA,Y,5.484796933490655,0.0,0.0,0.0,0.0,0.0,MnPrv,Shed,0.0,6,2010,WD,Normal,12.396697137361691
3.4339872044851463,RM,3.951243718581428,8.71948076085107,Pave,Grvl,Reg,Lvl,AllPub,Inside,Gtl,BrkSide,Norm,Norm,1Fam,1Story,2,3,1936,1950,Gable,CompShg,AsbShng,AsbShng,BrkFace,0.0,1,1,BrkTil,TA,Fa,No,Unf,0.0,Unf,0.0,5.579729825986222,5.579729825986222,Grav,1,N,FuseA,6.68586094706836,0.0,0.0,6.68586094706836,0,0.0,1,0,1,0.6931471805599453,1,4,Maj1,1,Po,Attchd,1980.0,Unf,0,0,TA,TA,N,0.0,0.0,0.0,0.0,0.0,0.0,MnPrv,Shed,0.0,1,2009,ConLw,Normal,11.002116507732016
3.044522437723423,RL,4.248495242049359,9.573315428463395,Pave,Grvl,IR1,Lvl,NoSeWa,CulDSac,Gtl,Timber,Norm,Norm,1Fam,SLvl,6,6,1958,1958,Gable,CompShg,HdBoard,HdBoard,BrkFace,6.295266001439646,3,4,CBlock,TA,TA,No,GLQ,4.718498871295094,Rec,5.872117789475416,5.872117789475416,6.709304340258298,GasA,2,Y,FuseA,7.20414929203594,0.0,0.0,7.20414929203594,0,0.6931471805599453,1,0,3,0.6931471805599453,2,7,Typ,1,Gd,Basment,1958.0,RFn,2,525,TA,TA,Y,0.0,4.77912349311153,0.0,0.0,5.455321115357702,0.0,MnPrv,Shed,0.0,1,2009,COD,Abnorml,11.83138646878959
4.394449154672439,RL,4.248495242049359,9.88791695754517,Pave,Grvl,IR1,Lvl,AllPub,CulDSac,Gtl,Edwards,Norm,Norm,1Fam,SLvl,6,7,1966,1966,Flat,Tar&Grv,Plywood,Plywood,BrkFace,0.0,2,2,CBlock,Gd,TA,Av,Unf,0.0,Unf,0.0,6.548219102762372,6.548219102762372,GasA,4,Y,SBrkr,7.362645270417825,6.440946540632921,0.0,7.697121317282625,0,0.0,2,0,4,0.6931471805599453,2,8,Typ,1,Gd,Attchd,1966.0,Unf,2,432,Gd,Gd,Y,6.375024819828097,5.468060141135132,0.0,0.0,0.0,6.6052979209482015,GdPrv,Shed,0.0,8,2006,WD,Alloca,12.524420916542532
3.044522437723423,RL,4.23410650459726,10.825203541055348,Pave,Grvl,IR1,Low,AllPub,Inside,Gtl,Veenker,Norm,Norm,1Fam,1Story,9,5,1981,1987,Gable,WdShngl,WdShing,Wd Shng,BrkFace,0.0,2,4,CBlock,Ex,TA,Gd,GLQ,7.501634457883413,Unf,0.0,3.49650756146648,7.519149957669823,GasA,2,Y,SBrkr,7.519149957669823,0.0,0.0,7.519149957669823,2,0.0,0,1,0,0.6931471805599453,2,5,Typ,1,Gd,Attchd,1981.0,Fin,3,894,TA,TA,Y,6.754604099487962,4.290459441148391,0.0,0.0,0.0,0.0,MnPrv,Shed,0.0,11,2006,WD,Normal,12.861001210669146
3.044522437723423,RL,4.248495242049359,9.102086786535928,Pave,Grvl,Reg,Lvl,AllPub,Inside,Gtl,NAmes,Norm,Norm,1Fam,1Story,5,7,1958,1991,Gable,CompShg,Plywood,Plywood,BrkFace,4.454347296253507,3,4,CBlock,TA,TA,No,Rec,6.342121418721152,BLQ,3.367295829986474,6.025865973825314,6.9167150203536085,GasA,4,Y,FuseA,6.960347729101308,0.0,0.0,6.960347729101308,0,0.6931471805599453,1,1,3,0.6931471805599453,0,6,Typ,0,Gd,2Types,1998.0,RFn,2,750,TA,TA,Y,0.0,4.394449154672439,0.0,5.198497031265826,0.0,0.0,MnWw,Shed,0.0,7,2006,WD,Abnorml,11.918397239722838
4.330733340286331,RL,5.1647859739235145,10.143291544743445,Pave,Grvl,Reg,Lvl,AllPub,Corner,Gtl,NAmes,Artery,Norm,1Fam,2Story,8,4,1918,1990,Gable,CompShg,Stucco,Stucco,BrkFace,0.0,2,2,PConc,TA,TA,No,GLQ,6.944087208229528,LwQ,5.220355825078324,4.948759890378168,7.215975002651466,GasA,2,Y,SBrkr,7.215975002651466,7.215975002651466,5.973809611869261,8.043342170441608,1,0.6931471805599453,2,0,4,0.6931471805599453,2,8,Typ,1,Ex,Detchd,1918.0,Unf,2,795,TA,TA,Y,0.0,2.833213344056216,6.315358001522335,0.0,0.0,6.240275845170769,GdPrv,Shed,0.0,3,2006,WD,Abnorml,12.367345048436391
3.4339872044851463,RL,4.02535169073515,8.585038738311304,Pave,Grvl,IR1,Lvl,AllPub,Inside,Gtl,BrkSide,Norm,Norm,1Fam,1Story,3,2,1940,1966,Gable,CompShg,Wd Sdng,Plywood,BrkFace,0.0,3,3,CBlock,TA,TA,No,Unf,0.0,Unf,0.0,6.591673732008658,6.591673732008658,GasA,0,Y,SBrkr,7.175489713624222,0.0,0.0,7.175489713624222,0,0.0,1,0,3,0.6931471805599453,1,6,Mod,0,Gd,Attchd,1980.0,Unf,0,0,TA,TA,Y,5.575949103146316,0.0,0.0,0.0,0.0,0.0,GdWo,Shed,6.111467339502679,5,2010,WD,Normal,11.245059091624617
4.394449154672439,RL,4.454347296253507,9.143238568435446,Pave,Grvl,Reg,Lvl,AllPub,Inside,Gtl,NAmes,Norm,Norm,1Fam,SLvl,6,7,1964,1991,Hip,CompShg,HdBoard,HdBoard,BrkFace,4.691347882229144,3,4,CBlock,Gd,TA,Gd,LwQ,5.602118820879701,ALQ,6.364750756851911,6.115892125483034,7.172424577124845,GasA,0,Y,SBrkr,7.172424577124845,0.0,0.0,7.172424577124845,0,0.6931471805599453,2,0,3,0.6931471805599453,2,7,Min1,0,Gd,Attchd,1964.0,RFn,1,309,TA,TA,Y,5.811140992976701,0.0,0.0,0.0,0.0,0.0,MnPrv,Shed,0.0,10,2007,CWD,Normal,11.970356641103
3.4339872044851463,RM,4.110873864173311,9.101417964751995,Pave,Grvl,Reg,Lvl,AllPub,Corner,Gtl,IDOTRR,Norm,Norm,1Fam,1Story,5,2,1920,1950,Gable,CompShg,MetalSd,MetalSd,BrkFace,0.0,3,1,BrkTil,Fa,Po,No,Unf,0.0,Unf,0.0,6.8690144506657065,6.8690144506657065,GasA,2,Y,Mix,6.982862751468942,0.0,0.0,6.982862751468942,0,0.0,1,0,2,0.6931471805599453,3,6,Maj2,0,Gd,Detchd,1920.0,Unf,1,338,Po,Po,N,0.0,0.0,0.0,0.0,0.0,0.0,MnPrv,Shed,0.0,11,2007,WD,Abnorml,11.112462823634855
5.25227342804663,RH,4.110873864173311,9.296242800976886,Pave,Pave,Reg,Bnk,AllPub,Inside,Gtl,SWISU,Feedr,Norm,2fmCon,2.5Fin,6,7,1914,1995,Hip,CompShg,VinylSd,VinylSd,BrkFace,0.0,1,4,CBlock,TA,Fa,No,LwQ,5.54907608489522,Unf,0.0,7.077498053569231,7.273092595999522,GasA,0,Y,FuseA,7.273092595999522,7.273092595999522,6.246106765481563,8.130353547431238,0,0.0,2,0,8,1.0986122886681098,1,14,Typ,0,Gd,Attchd,1980.0,Unf,0,0,TA,TA,N,0.0,4.709530201312334,0.0,0.0,0.0,0.0,MnPrv,Shed,0.0,3,2007,WD,Abnorml,12.206077645517674
4.110873864173311,RL,4.248495242049359,9.822873848541882,Pave,Grvl,IR1,Lvl,AllPub,Inside,Gtl,NAmes,Norm,Norm,1Fam,2Story,6,5,1965,1979,Flat,Tar&Grv,Plywood,Plywood,BrkCmn,4.736198448394496,3,2,CBlock,Gd,TA,No,LwQ,5.236441962829949,Rec,6.584791392385716,4.718498871295094,6.92951677076365,GasA,4,Y,SBrkr,7.290292882446597,6.82001636467413,0.0,7.7752758464868625,0,0.0,2,1,3,0.6931471805599453,3,7,Sev,1,Po,CarPort,1965.0,Unf,2,596,TA,TA,Y,0.0,5.583496308781699,0.0,0.0,0.0,0.0,MnPrv,Shed,0.0,8,2007,WD,Abnorml,11.767575435251748
3.044522437723423,RL,4.3694478524670215,9.224341891611996,Pave,Grvl,Reg,Lvl,AllPub,Inside,Gtl,NWAmes,Norm,Norm,1Fam,1Story,6,6,1974,1999,Hip,CompShg,HdBoard,HdBoard,BrkFace,4.605170185988092,3,4,CBlock,TA,TA,No,ALQ,6.498282149476434,LwQ,5.934894195619588,0.0,6.947937068614969,GasA,1,Y,SBrkr,7.177782416195197,0.0,0.0,7.177782416195197,1,0.0,1,1,3,0.6931471805599453,2,5,Typ,1,Fa,Attchd,1974.0,RFn,2,484,TA,TA,Y,5.583496308781699,0.0,0.0,0.0,0.0,6.47543271670409,GdPrv,Shed,0.0,1,2006,WD,Normal,12.10625783509458
3.9318256327243257,RL,4.454347296253507,9.55506418479516,Pave,Grvl,IR1,Lvl,AllPub,Inside,Gtl,Mitchel,Norm,Norm,1Fam,1.5Fin,5,5,1993,1995,Gable,CompShg,VinylSd,VinylSd,BrkFace,0.0,3,4,Wood,Gd,TA,No,GLQ,6.597145701886651,Unf,0.0,4.174387269895637,6.680854678790215,GasA,0,Y,SBrkr,6.680854678790215,6.340359303727752,0.0,7.217443431696533,1,0.0,1,1,1,0.6931471805599453,3,5,Typ,0,Gd,Attchd,1993.0,Unf,2,480,TA,TA,Y,3.713572066704308,3.4339872044851463,0.0,5.771441123130016,0.0,0.0,MnPrv,Shed,6.55250788703459,10,2009,WD,Normal,11.870606902224589
5.25227342804663,RL,3.9318256327243257,8.912069097970134,Pave,Grvl,Reg,Lvl,AllPub,Corner,Gtl,BrkSide,Artery,Artery,2fmCon,1.5Unf,5,6,1939,1950,Gable,CompShg,MetalSd,MetalSd,BrkFace,0.0,3,4,BrkTil,TA,TA,No,GLQ,6.747586526829315,Unf,0.0,4.948759890378168,6.899723107284872,GasA,0,Y,SBrkr,6.982862751468942,0.0,0.0,6.982862751468942,1,0.0,1,0,2,1.0986122886681098,3,5,Typ,2,TA,Attchd,1939.0,RFn,1,205,Gd,TA,Y,0.0,1.6094379124341005,0.0,0.0,0.0,0.0,MnPrv,Shed,0.0,1,2008,WD,Normal,11.678448377988165
3.4339872044851463,RM,4.110873864173311,8.752265313595721,Pave,Grvl,IR1,Lvl,AllPub,Inside,Gtl,BrkSide,Feedr,RRNn,1Fam,1Story,4,6,1927,1950,Gable,CompShg,MetalSd,MetalSd,BrkFace,0.0,3,4,BrkTil,TA,TA,No,Unf,0.0,Unf,0.0,6.255750041753367,6.255750041753367,GasA,1,N,SBrkr,6.255750041753367,0.0,0.0,6.255750041753367,0,0.0,1,0,1,0.6931471805599453,1,4,Typ,0,Gd,Detchd,1920.0,Unf,1,240,Fa,TA,Y,3.912023005428146,0.0,4.477336814478207,0.0,0.0,0.0,MnPrv,Shed,0.0,5,2008,WD,Normal,11.134603622683905
5.25227342804663,RM,3.5263605246161616,8.402231172946555,Pave,Grvl,Reg,Lvl,AllPub,Inside,Gtl,OldTown,Norm,Norm,2fmCon,2Story,4,5,1920,2008,Gable,CompShg,MetalSd,MetalSd,BrkFace,0.0,3,4,BrkTil,TA,TA,No,Unf,0.0,Unf,0.0,6.602587892189336,6.602587892189336,GasA,2,Y,SBrkr,6.602587892189336,6.57507584059962,0.0,7.281385663570282,0,0.0,2,0,2,1.3862943611198906,3,8,Typ,0,Gd,Attchd,1980.0,Unf,0,0,TA,TA,N,0.0,0.0,4.634728988229636,0.0,0.0,0.0,MnPrv,Shed,0.0,6,2009,New,Partial,11.635151947212842
3.044522437723423,RL,4.248495242049359,9.898525260706313,Pave,Grvl,Reg,Lvl,AllPub,Inside,Gtl,NAmes,PosA,Norm,1Fam,1Story,7,5,1970,1989,Gable,CompShg,Plywood,Plywood,BrkFace,5.662960480135946,3,4,CBlock,Gd,TA,Gd,GLQ,6.816735880594968,Unf,0.0,6.943122422819428,7.57455848420248,GasA,4,Y,SBrkr,7.699842407396986,0.0,0.0,7.699842407396986,1,0.0,2,0,3,0.6931471805599453,3,7,Min1,1,Gd,Attchd,1970.0,RFn,2,576,TA,TA,Y,5.71042701737487,0.0,0.0,0.0,0.0,0.0,MnPrv,Shed,0.0,7,2010,WD,Normal,12.100717685412471
4.394449154672439,RL,4.248495242049359,9.973666387157374,Pave,Grvl,IR1,Low,AllPub,CulDSac,Sev,ClearCr,Norm,Norm,1Fam,SLvl,6,5,1969,1969,Flat,Metal,Plywood,Plywood,BrkFace,0.0,3,4,CBlock,TA,TA,Gd,ALQ,6.844815479208263,Unf,0.0,0.0,6.844815479208263,GasA,0,Y,SBrkr,6.8966943316227125,0.0,0.0,6.8966943316227125,1,0.0,1,0,1,0.6931471805599453,3,4,Typ,2,TA,Attchd,1969.0,Unf,2,540,TA,TA,Y,0.0,4.875197323201151,0.0,4.875197323201151,0.0,0.0,MnPrv,Shed,0.0,10,2006,WD,Normal,12.100717685412471
3.044522437723423,RL,3.871201010907891,9.426821780416844,Pave,Grvl,IR1,Lvl,AllPub,Inside,Gtl,Timber,Norm,Norm,1Fam,1Story,6,5,1986,1986,Gable,CompShg,VinylSd,Plywood,Stone,4.890349128221754,3,4,CBlock,Gd,Fa,No,ALQ,7.243512974665482,LwQ,5.342334251964811,0.0,7.382124365737512,GasA,4,Y,SBrkr,7.409741954080923,0.0,0.0,7.409741954080923,1,0.0,2,0,3,0.6931471805599453,3,7,Min2,1,TA,Attchd,1986.0,Fin,2,616,TA,TA,Y,5.262690188904886,0.0,0.0,0.0,0.0,0.0,MnPrv,Shed,0.0,11,2008,WD,Normal,12.122696471358964
4.110873864173311,RL,4.248495242049359,9.15419321135318,Pave,Grvl,IR1,Lvl,AllPub,CulDSac,Gtl,SawyerW,RRNe,Norm,1Fam,2Story,7,7,1993,2003,Gable,CompShg,HdBoard,HdBoard,BrkFace,0.0,2,4,PConc,Gd,TA,No,BLQ,5.998936561946683,Unf,0.0,6.38856140554563,6.904750769961838,GasA,0,Y,SBrkr,6.922643891475888,6.594413459749778,0.0,7.464509834636527,0,0.0,2,1,3,0.6931471805599453,2,7,Typ,0,Gd,Attchd,1993.0,RFn,2,457,TA,TA,Y,5.916202062607435,4.262679877041316,0.0,5.476463551931511,0.0,0.0,MnPrv,Shed,0.0,2,2010,WD,Normal,12.178192583415596
3.4339872044851463,RM,4.276666119016055,8.839421607620602,Pave,Grvl,Reg,Lvl,AllPub,Inside,Gtl,IDOTRR,Norm,Norm,1Fam,1Story,5,6,1940,1955,Gable,CompShg,VinylSd,VinylSd,BrkFace,0.0,3,4,CBlock,TA,TA,No,ALQ,6.001414877961151,Rec,4.836281906951478,5.3612921657094255,6.608000625296087,GasA,0,Y,SBrkr,6.658011045870748,0.0,0.0,6.658011045870748,0,0.0,1,0,2,0.6931471805599453,3,4,Typ,1,Gd,Detchd,1966.0,Fin,1,924,Ex,Ex,Y,0.0,3.258096538021482,0.0,0.0,0.0,0.0,MnPrv,Shed,0.0,2,2008,WD,Normal,11.6994133306336
3.044522437723423,RL,4.30406509320417,10.574005615035713,Pave,Grvl,IR1,Low,AllPub,CulDSac,Sev,ClearCr,Norm,Norm,1Fam,1Story,7,7,1954,2005,Flat,Membran,Plywood,Plywood,BrkFace,0.0,3,4,CBlock,Gd,TA,Gd,LwQ,5.424950017481403,GLQ,6.96979066990159,4.574710978503383,7.234177179749849,GasA,0,Y,SBrkr,7.218176838403408,0.0,0.0,7.218176838403408,1,0.0,1,0,2,0.6931471805599453,3,5,Mod,2,TA,Attchd,1954.0,Unf,2,439,TA,TA,Y,4.406719247264253,0.0,0.0,0.0,0.0,0.0,MnPrv,Shed,0.0,4,2008,WD,Normal,12.39462889285294
3.828641396489095,RM,3.9318256327243257,8.517393171418904,Pave,Grvl,Reg,Lvl,AllPub,Inside,Gtl,IDOTRR,RRAe,Norm,1Fam,1.5Unf,5,6,1941,1950,Gable,CompShg,MetalSd,MetalSd,BrkFace,0.0,3,4,CBlock,TA,TA,Av,BLQ,4.762173934797756,Unf,0.0,6.405228458030842,6.580639137284949,GasA,3,N,FuseF,6.689599269178967,0.0,0.0,6.689599269178967,0,0.0,1,0,2,0.6931471805599453,3,5,Typ,0,Gd,Detchd,1941.0,Unf,2,360,TA,TA,Y,0.0,0.0,5.501258210544727,0.0,0.0,0.0,MnPrv,Shed,0.0,12,2007,WD,Normal,11.373674891823535
4.795790545596741,RL,3.49650756146648,9.291643823040218,Pave,Grvl,IR1,Lvl,AllPub,CulDSac,Gtl,Veenker,Norm,Norm,TwnhsE,1Story,8,5,1993,1993,Gable,CompShg,BrkFace,BrkFace,BrkFace,0.0,2,4,PConc,Gd,TA,Gd,GLQ,7.390181428226429,Unf,0.0,4.61512051684126,7.450079569807499,GasA,0,Y,SBrkr,7.450079569807499,0.0,0.0,7.450079569807499,2,0.0,1,1,1,0.6931471805599453,2,6,Typ,2,Gd,Attchd,1993.0,Fin,2,473,TA,TA,Y,4.812184355372417,3.4339872044851463,0.0,0.0,0.0,0.0,MnPrv,Shed,0.0,5,2008,Con,Normal,12.688501881189456
4.795790545596741,RM,4.0943445622221,9.011767474596178,Pave,Grvl,Reg,Lvl,AllPub,FR3,Gtl,NridgHt,Norm,Norm,TwnhsE,1Story,7,5,2004,2004,Gable,CompShg,VinylSd,VinylSd,Stone,4.990432586778736,2,4,PConc,Gd,TA,Av,GLQ,6.580639137284949,Unf,0.0,6.459904454377535,7.214504414151143,GasA,0,Y,SBrkr,7.214504414151143,0.0,0.0,7.214504414151143,1,0.0,2,0,2,0.6931471805599453,2,6,Typ,1,Gd,Attchd,2004.0,RFn,2,484,TA,TA,Y,5.262690188904886,3.4339872044851463,0.0,0.0,0.0,0.0,MnPrv,Shed,0.0,7,2008,WD,Normal,12.240478903153711
4.51085950651685,RL,4.248495242049359,9.053101595549691,Pave,Grvl,Reg,Lvl,AllPub,Inside,Gtl,NAmes,Norm,Norm,Duplex,1Story,3,4,1949,1950,Gable,CompShg,Stucco,Stucco,BrkFace,5.831882477283517,3,4,Slab,TA,TA,No,Unf,0.0,Unf,0.0,0.0,0.0,Wall,1,N,FuseA,6.947937068614969,0.0,0.0,6.947937068614969,0,0.0,2,0,2,1.0986122886681098,3,6,Typ,0,Gd,Detchd,1949.0,Unf,2,400,TA,TA,Y,0.0,0.0,0.0,0.0,0.0,0.0,MnPrv,Shed,0.0,5,2006,WD,Normal,11.37940550085183
4.110873864173311,RL,4.875197323201151,10.599006917241129,Pave,Grvl,IR1,Bnk,AllPub,Inside,Gtl,Edwards,PosN,PosN,1Fam,2Story,10,5,2007,2008,Hip,CompShg,CemntBd,CmentBd,Stone,6.637258031284457,0,4,PConc,Ex,TA,Gd,GLQ,7.72356247227797,Unf,0.0,6.778784897685177,8.051659556841953,GasA,0,Y,SBrkr,8.051659556841953,7.338888133838879,0.0,8.450412157725886,1,0.0,3,1,3,0.6931471805599453,0,11,Typ,1,Gd,BuiltIn,2007.0,Fin,3,884,TA,TA,Y,5.342334251964811,6.008813185442595,0.0,0.0,0.0,0.0,MnPrv,Shed,0.0,10,2007,New,Partial,12.126764251515691
5.25227342804663,RM,4.262679877041316,8.630700432209832,Pave,Grvl,Reg,Lvl,AllPub,Inside,Gtl,IDOTRR,Norm,Norm,2fmCon,2Story,4,5,1930,1950,Hip,CompShg,VinylSd,Wd Shng,BrkFace,0.0,1,1,Slab,TA,TA,No,Unf,0.0,Unf,0.0,0.0,0.0,GasA,1,N,SBrkr,5.921578419643816,6.580639137284949,0.0,6.996681488176539,0,0.0,2,0,3,1.0986122886681098,1,7,Mod,0,Gd,Attchd,1980.0,Unf,0,0,TA,TA,N,0.0,0.0,0.0,0.0,0.0,0.0,MnPrv,Othr,8.160803920954665,7,2010,WD,Normal,10.915106645867503
4.51085950651685,RL,4.110873864173311,9.287394001418471,Pave,Grvl,Reg,Lvl,AllPub,Inside,Gtl,Edwards,Norm,Norm,Duplex,1Story,5,5,1987,1988,Gable,CompShg,Plywood,Plywood,BrkFace,0.0,3,4,CBlock,Gd,Gd,Gd,GLQ,7.090909822079984,Unf,0.0,0.0,7.090909822079984,GasA,4,Y,SBrkr,7.090909822079984,0.0,0.0,7.090909822079984,3,0.0,3,0,3,0.6931471805599453,3,5,Typ,0,Gd,Attchd,1980.0,Unf,0,0,TA,TA,Y,4.795790545596741,0.0,0.0,0.0,0.0,0.0,MnPrv,Shed,0.0,3,2009,WD,Alloca,12.095146671399466
4.51085950651685,RL,3.7612001156935615,8.950532836290382,Pave,Grvl,IR1,Lvl,AllPub,Inside,Gtl,Edwards,Norm,Norm,Duplex,1Story,4,3,1977,1977,Gable,CompShg,MetalSd,MetalSd,BrkFace,0.0,3,4,PConc,Gd,TA,Gd,GLQ,7.273092595999522,Unf,0.0,0.0,7.273092595999522,GasA,4,Y,SBrkr,7.273092595999522,0.0,0.0,7.273092595999522,2,0.0,2,0,4,1.0986122886681098,3,8,Typ,0,Gd,Attchd,1980.0,Unf,0,0,TA,TA,N,5.7745515455444085,0.0,0.0,0.0,0.0,0.0,MnPrv,Shed,0.0,8,2007,Oth,Abnorml,11.918397239722838
4.51085950651685,RL,4.248495242049359,9.35018926709258,Pave,Grvl,IR1,Lvl,AllPub,Corner,Gtl,NWAmes,Feedr,RRAn,Duplex,1Story,5,6,1976,1976,Gable,CompShg,VinylSd,VinylSd,BrkFace,5.10594547390058,3,4,CBlock,TA,TA,No,Unf,0.0,Unf,0.0,7.427144133408616,7.427144133408616,GasA,1,Y,SBrkr,7.427144133408616,0.0,0.0,7.427144133408616,0,0.0,2,0,4,1.0986122886681098,3,8,Typ,0,Gd,Detchd,1976.0,Unf,2,528,TA,TA,Y,0.0,0.0,0.0,0.0,0.0,0.0,MnPrv,Shed,0.0,6,2007,WD,Normal,11.827049837927534
4.394449154672439,RL,4.343805421853684,9.198369000194964,Pave,Grvl,Reg,Lvl,AllPub,Inside,Gtl,Mitchel,Norm,Norm,1Fam,SLvl,6,6,1977,1977,Gable,CompShg,Plywood,Plywood,BrkFace,0.0,3,4,CBlock,TA,TA,Av,ALQ,6.259581464064923,Unf,0.0,6.354370040797351,7.00033446027523,GasA,4,Y,SBrkr,7.020190708311925,0.0,0.0,7.020190708311925,1,0.0,1,0,3,0.6931471805599453,3,6,Typ,1,Po,Attchd,1977.0,Fin,1,358,TA,TA,Y,5.318119993844216,0.0,0.0,0.0,0.0,6.3578422665081,GdPrv,Shed,0.0,7,2008,WD,Normal,12.049424683420916
4.110873864173311,RL,5.081404364984463,9.656563472556517,Pave,Grvl,IR1,Lvl,AllPub,Corner,Gtl,NoRidge,Norm,Norm,1Fam,2Story,10,5,1996,1996,Hip,CompShg,Wd Sdng,ImStucc,BrkFace,0.0,2,4,PConc,Ex,TA,Av,GLQ,7.64826303090192,Unf,0.0,5.707110264748875,7.781973234434385,GasA,0,Y,SBrkr,7.788211557847076,7.633369649679584,0.0,8.406708458240965,1,0.0,3,1,4,0.6931471805599453,0,10,Typ,2,TA,Attchd,1996.0,Fin,3,813,TA,TA,Y,5.147494476813453,4.3694478524670215,0.0,0.0,0.0,6.320768294250582,MnPrv,Shed,0.0,7,2007,WD,Abnorml,13.521140839642674
4.330733340286331,RM,4.110873864173311,9.169622538697624,Pave,Grvl,Reg,Lvl,AllPub,Inside,Gtl,OldTown,Norm,Norm,1Fam,2.5Unf,6,5,1917,1950,Gable,CompShg,AsbShng,AsbShng,BrkFace,0.0,3,4,BrkTil,Gd,TA,No,Rec,5.768320995793772,Unf,0.0,6.0330862217988015,6.601230118728877,OthW,1,N,SBrkr,7.034387929915503,6.829793737512425,0.0,7.629975707027789,0,0.0,1,1,3,0.6931471805599453,3,8,Typ,1,Gd,Detchd,1950.0,Unf,2,396,Fa,Fa,P,0.0,0.0,5.560681631015528,0.0,0.0,0.0,MnPrv,Shed,0.0,4,2008,WD,Normal,11.771443882099636
4.51085950651685,RL,4.564348191467836,9.336620537886512,Pave,Grvl,Reg,Lvl,AllPub,Corner,Gtl,NAmes,Feedr,Norm,Duplex,2Story,5,5,1948,1950,Gable,Roll,AsbShng,AsbShng,Stone,6.342121418721152,3,4,CBlock,TA,TA,No,Rec,5.3981627015177525,Unf,0.0,6.563855526532128,6.834108738813838,GasA,2,Y,FuseA,6.834108738813838,6.900730664045173,0.0,7.560601162768557,0,0.0,2,0,4,1.0986122886681098,3,10,Typ,0,Gd,Detchd,1948.0,Unf,2,400,TA,Fa,Y,0.0,0.0,0.0,0.0,0.0,0.0,MnPrv,Shed,0.0,7,2007,WD,Normal,11.827743504053696
3.044522437723423,RL,4.248495242049359,8.799058378546453,Pave,Grvl,IR1,Lvl,AllPub,Corner,Gtl,BrkSide,Feedr,Norm,1Fam,1Story,3,6,1949,1950,Hip,CompShg,VinylSd,VinylSd,BrkFace,0.0,3,4,CBlock,TA,TA,No,Unf,0.0,Unf,0.0,0.0,0.0,Floor,4,N,SBrkr,6.580639137284949,0.0,0.0,6.580639137284949,0,0.0,1,0,2,0.6931471805599453,3,4,Typ,0,Gd,Detchd,1955.0,Unf,1,287,TA,Fa,Y,0.0,0.0,0.0,0.0,0.0,0.0,MnPrv,Shed,0.0,7,2008,WD,Normal,11.19135563385109
3.044522437723423,RL,4.61512051684126,9.210840247017831,Pave,Grvl,Reg,Lvl,AllPub,Inside,Gtl,NAmes,Norm,Norm,1Fam,1Story,6,6,1964,1964,Gable,CompShg,HdBoard,Plywood,BrkFace,5.198497031265826,3,4,CBlock,TA,TA,No,Rec,5.2832037287379885,BLQ,5.846438775057725,6.883462586413092,7.324489979348532,GasA,4,Y,SBrkr,7.324489979348532,0.0,0.0,7.324489979348532,0,0.0,1,1,3,0.6931471805599453,3,6,Typ,0,Gd,Attchd,1964.0,RFn,2,472,TA,TA,Y,0.0,0.0,0.0,0.0,5.030437921392435,0.0,MnPrv,Shed,0.0,2,2009,WD,Normal,12.025755079404917
4.394449154672439,RL,4.394449154672439,9.169622538697624,Pave,Grvl,Reg,Lvl,AllPub,Inside,Gtl,NAmes,Norm,Norm,1Fam,SLvl,6,6,1955,1996,Hip,CompShg,AsbShng,AsbShng,BrkFace,0.0,3,4,CBlock,TA,TA,Av,BLQ,6.723832440821209,Unf,0.0,5.087596335232384,6.900730664045173,GasA,2,Y,SBrkr,7.415776975415394,0.0,0.0,7.415776975415394,1,0.0,1,0,3,0.6931471805599453,2,8,Typ,1,TA,BuiltIn,1955.0,RFn,1,377,TA,TA,Y,0.0,3.367295829986474,0.0,0.0,5.187385805840755,0.0,MnPrv,Shed,0.0,10,2008,WD,Normal,12.016732516077072
3.9318256327243257,RM,3.9318256327243257,9.063694791634695,Pave,Grvl,Reg,Lvl,AllPub,Inside,Gtl,BrkSide,Norm,Norm,1Fam,1.5Fin,5,5,1948,2001,Gable,CompShg,Wd Sdng,Wd Sdng,BrkFace,0.0,3,4,CBlock,TA,TA,No,BLQ,5.820082930352362,GLQ,3.737669618283368,5.69035945432406,6.511745329644728,GasA,4,Y,SBrkr,6.9782137426306985,5.365976015021851,0.0,7.1592919047975645,1,0.0,1,0,2,0.6931471805599453,3,6,Min1,0,Gd,Detchd,1948.0,Unf,1,240,TA,TA,Y,0.0,0.0,0.0,0.0,0.0,0.0,MnPrv,Shed,0.0,1,2008,WD,Normal,11.751950239425476
3.044522437723423,RL,4.248495242049359,10.17133674723419,Pave,Grvl,IR1,Lvl,AllPub,CulDSac,Gtl,Mitchel,Norm,Norm,1Fam,1Story,5,7,1962,1962,Gable,CompShg,HdBoard,HdBoard,BrkFace,5.247024072160486,3,4,CBlock,TA,TA,No,Rec,6.386879319362645,Unf,0.0,6.39024066706535,7.080867896690782,GasA,4,Y,SBrkr,7.080867896690782,0.0,0.0,7.080867896690782,0,0.0,1,0,3,0.6931471805599453,3,6,Typ,0,Gd,Attchd,1962.0,Unf,1,312,TA,TA,P,5.568344503761097,3.688879454113936,0.0,0.0,0.0,0.0,MnPrv,Shed,0.0,4,2010,WD,Normal,11.969723533345908
4.394449154672439,RL,4.394449154672439,9.169622538697624,Pave,Grvl,Reg,Lvl,AllPub,Inside,Gtl,NAmes,Norm,Norm,1Fam,SLvl,6,6,1955,1972,Gable,CompShg,AsbShng,AsbShng,BrkFace,5.10594547390058,3,4,CBlock,TA,TA,Av,BLQ,6.51471269087253,LwQ,4.890349128221754,5.860786223465865,7.053585727193677,GasA,0,Y,SBrkr,7.327123292259293,0.0,0.0,7.327123292259293,1,0.0,1,0,3,0.6931471805599453,3,7,Typ,2,Gd,Basment,1955.0,RFn,1,364,TA,TA,Y,0.0,0.0,5.247024072160486,0.0,0.0,0.0,MnPrv,Shed,0.0,3,2010,WD,Normal,11.938199736300923
3.044522437723423,RL,4.189654742026425,9.042040056544485,Pave,Grvl,Reg,Lvl,AllPub,Inside,Gtl,SawyerW,Norm,Norm,1Fam,1Story,7,5,2000,2001,Gable,CompShg,VinylSd,VinylSd,BrkFace,4.691347882229144,3,4,PConc,Gd,TA,No,Unf,0.0,Unf,0.0,7.2078598714324755,7.2078598714324755,GasA,0,Y,SBrkr,7.2078598714324755,0.0,0.0,7.2078598714324755,0,0.0,2,0,3,0.6931471805599453,3,6,Typ,0,Gd,Attchd,2000.0,Unf,2,539,TA,TA,Y,4.795790545596741,4.02535169073515,0.0,0.0,0.0,0.0,GdPrv,Shed,0.0,12,2007,WD,Normal,12.095146671399466
4.262679877041316,RL,4.127134385045092,8.890135107818843,Pave,Grvl,IR1,Lvl,AllPub,Inside,Mod,Crawfor,Norm,Norm,1Fam,2Story,6,8,1945,2002,Gambrel,CompShg,Wd Sdng,Wd Sdng,BrkFace,0.0,3,4,CBlock,TA,TA,No,ALQ,6.652863029353347,LwQ,5.017279836814924,4.653960350157523,6.9363427358340495,GasA,0,Y,SBrkr,7.270312886079025,6.785587645007929,0.0,7.749753406274437,1,0.0,2,1,3,0.6931471805599453,2,9,Typ,1,TA,Detchd,1945.0,Unf,1,180,TA,TA,Y,5.41610040220442,0.0,0.0,0.0,0.0,0.0,MnPrv,Shed,0.0,7,2007,WD,Normal,12.466515835145202
4.110873864173311,RL,4.430816798843313,9.21094019204815,Pave,Grvl,Reg,Lvl,AllPub,Inside,Gtl,ClearCr,Norm,Norm,1Fam,2Story,7,5,1977,1977,Hip,CompShg,Plywood,Plywood,BrkFace,5.703782474656201,3,4,CBlock,Gd,TA,No,BLQ,5.973809611869261,Unf,0.0,6.645090969505644,7.057036981697891,GasA,0,Y,SBrkr,7.053585727193677,6.765038976780541,0.0,7.612336837167746,0,0.0,2,1,4,0.6931471805599453,3,8,Typ,1,TA,Attchd,1977.0,Fin,2,505,TA,TA,Y,5.666426688112432,4.770684624465665,0.0,0.0,0.0,0.0,MnPrv,Shed,0.0,3,2008,WD,Normal,12.165255859329688
4.110873864173311,RL,3.80666248977032,9.164191715950205,Pave,Grvl,IR1,Lvl,AllPub,CulDSac,Gtl,CollgCr,Norm,Norm,1Fam,2Story,7,6,2003,2003,Gable,CompShg,VinylSd,VinylSd,BrkFace,5.41164605185504,2,4,PConc,Gd,TA,No,GLQ,6.182084906716632,Unf,0.0,6.129050210060545,6.848005274576363,GasA,0,Y,SBrkr,6.848005274576363,6.790097235513905,0.0,7.512071245835466,1,0.0,2,1,3,0.6931471805599453,2,7,Typ,1,TA,Attchd,2003.0,RFn,2,613,TA,TA,Y,5.262690188904886,3.688879454113936,0.0,0.0,0.0,0.0,MnPrv,Shed,0.0,1,2010,WD,Normal,12.37581963951765
3.4339872044851463,RL,3.713572066704308,8.361941906144946,Pave,Grvl,Reg,Lvl,AllPub,Inside,Gtl,Crawfor,Norm,Norm,1Fam,1Story,5,6,1913,2002,Gable,CompShg,WdShing,Stucco,BrkFace,0.0,3,4,PConc,TA,TA,No,LwQ,5.902633333401366,Unf,0.0,4.330733340286331,6.089044875446846,GasA,4,N,SBrkr,6.543911845564792,0.0,0.0,6.543911845564792,0,0.0,1,0,2,0.6931471805599453,2,4,Typ,1,Gd,Detchd,1990.0,Unf,1,352,Gd,TA,P,0.0,0.0,3.555348061489413,0.0,0.0,0.0,MnPrv,Shed,0.0,3,2007,WD,Normal,11.411457364027743
3.9318256327243257,RL,4.3694478524670215,9.770184705221707,Pave,Grvl,Reg,Lvl,AllPub,Inside,Gtl,NAmes,Artery,Norm,1Fam,1.5Fin,6,5,1948,1950,Gable,CompShg,VinylSd,VinylSd,BrkFace,0.0,3,4,CBlock,TA,TA,No,Unf,0.0,Unf,0.0,6.816735880594968,6.816735880594968,GasA,4,Y,SBrkr,6.816735880594968,6.304448802421981,0.0,7.285506548522785,0,0.6931471805599453,1,0,3,0.6931471805599453,3,6,Typ,1,Gd,Attchd,1948.0,Unf,1,330,TA,TA,Y,5.262690188904886,0.0,0.0,0.0,0.0,0.0,MnPrv,Shed,0.0,1,2010,WD,Abnorml,11.487617913343598
4.110873864173311,RL,3.784189633918261,9.275003885301905,Pave,Grvl,IR2,Lvl,AllPub,CulDSac,Gtl,CollgCr,PosN,Norm,1Fam,2Story,7,6,1996,1996,Gable,CompShg,VinylSd,VinylSd,BrkFace,0.0,2,4,PConc,Gd,TA,Av,GLQ,5.955837369464831,ALQ,5.84354441703136,4.262679877041316,6.684611727667927,GasA,0,Y,SBrkr,6.71901315438526,6.727431724850855,0.0,7.415776975415394,1,0.0,2,1,3,0.6931471805599453,2,6,Typ,1,TA,Attchd,1996.0,RFn,2,550,TA,TA,Y,5.068904202220232,4.127134385045092,0.0,0.0,0.0,0.0,MnPrv,Shed,0.0,4,2009,ConLw,Normal,12.264346270624156
3.044522437723423,RL,4.418840607796598,9.43067999595766,Pave,Grvl,IR2,Low,AllPub,Corner,Mod,CollgCr,Norm,Norm,1Fam,1Story,5,5,1996,1996,Gable,CompShg,VinylSd,VinylSd,BrkFace,0.0,3,2,PConc,Gd,TA,No,GLQ,6.597145701886651,Unf,0.0,5.733341276897746,6.947937068614969,GasA,2,Y,SBrkr,6.947937068614969,0.0,0.0,6.947937068614969,1,0.0,1,0,3,0.6931471805599453,2,6,Typ,0,Gd,Detchd,2000.0,Unf,2,576,TA,TA,Y,5.1298987149230735,0.0,0.0,0.0,0.0,0.0,GdPrv,Shed,0.0,11,2009,WD,Normal,11.93164237875414
4.110873864173311,RL,4.248495242049359,9.396570945266852,Pave,Grvl,IR1,Lvl,AllPub,Inside,Gtl,NWAmes,Norm,Norm,1Fam,2Story,6,6,1976,1976,Gable,CompShg,Plywood,Plywood,BrkFace,5.700443573390687,3,4,CBlock,TA,TA,No,LwQ,5.056245805348308,Unf,0.0,6.541029999189903,6.744059186311348,GasA,4,Y,SBrkr,7.020190708311925,6.816735880594968,0.0,7.616283561580385,0,0.0,2,1,4,0.6931471805599453,2,8,Typ,1,TA,Attchd,1976.0,Fin,2,551,TA,TA,Y,0.0,5.41610040220442,0.0,0.0,0.0,0.0,MnPrv,Shed,0.0,6,2007,WD,Normal,12.180759965737863
3.044522437723423,RL,4.248495242049359,9.648530784697051,Pave,Grvl,IR1,Lvl,AllPub,Corner,Gtl,Timber,Norm,Norm,1Fam,1Story,8,6,1976,1976,Hip,WdShake,Stone,HdBoard,BrkFace,0.0,2,4,CBlock,Gd,TA,Av,ALQ,7.061334366910438,LwQ,5.993961427306569,0.0,7.356279876550748,GasA,4,Y,SBrkr,7.972121128921655,0.0,0.0,7.972121128921655,1,0.0,2,0,2,0.6931471805599453,2,10,Typ,1,Gd,Attchd,1976.0,Fin,2,665,TA,TA,Y,0.0,4.290459441148391,5.1647859739235145,0.0,0.0,0.0,MnPrv,Shed,0.0,5,2008,COD,Abnorml,12.567240979056246
3.044522437723423,RL,4.330733340286331,8.971575439759016,Pave,Grvl,Reg,Lvl,AllPub,Inside,Gtl,NAmes,Norm,Norm,1Fam,1Story,5,6,1961,1961,Gable,CompShg,VinylSd,VinylSd,BrkFace,4.919980925828125,3,4,CBlock,TA,TA,No,Rec,6.35088571671474,Unf,0.0,6.35088571671474,7.0431599159883405,GasA,2,Y,SBrkr,7.0431599159883405,0.0,0.0,7.0431599159883405,1,0.0,1,0,3,0.6931471805599453,3,6,Typ,0,Gd,Attchd,1961.0,Unf,2,456,TA,TA,Y,0.0,0.0,0.0,0.0,0.0,0.0,GdWo,Shed,0.0,9,2008,WD,Normal,11.849047640327148
4.454347296253507,RL,4.23410650459726,8.966866554188723,Pave,Grvl,Reg,Lvl,AllPub,Inside,Gtl,NAmes,Norm,Norm,1Fam,SFoyer,5,5,1967,1967,Gable,CompShg,HdBoard,HdBoard,BrkFace,0.0,3,4,CBlock,TA,TA,Av,ALQ,6.646390514847729,Unf,0.0,4.564348191467836,6.762729506931879,GasA,4,Y,SBrkr,6.803505257608338,0.0,0.0,6.803505257608338,1,0.0,1,0,3,0.6931471805599453,3,6,Typ,1,Po,Attchd,1967.0,RFn,1,288,TA,TA,Y,5.170483995038151,4.976733742420574,0.0,0.0,0.0,0.0,MnWw,Shed,0.0,12,2006,WD,Normal,11.719947764402807
3.044522437723423,RL,4.948759890378168,9.859483417038073,Pave,Grvl,Reg,Lvl,AllPub,Corner,Gtl,Gilbert,Norm,Norm,1Fam,1Story,4,5,1951,1951,Gable,CompShg,VinylSd,VinylSd,BrkFace,0.0,3,4,CBlock,TA,TA,No,LwQ,4.795790545596741,Unf,0.0,6.61338421837956,6.762729506931879,GasA,0,Y,SBrkr,6.762729506931879,0.0,0.0,6.762729506931879,0,0.0,1,0,2,0.6931471805599453,3,4,Typ,0,Gd,Detchd,1951.0,Unf,2,400,TA,TA,Y,0.0,0.0,0.0,0.0,0.0,0.0,MnPrv,Shed,0.0,6,2010,WD,Normal,11.856522261533735
4.262679877041316,RL,4.382026634673881,9.15704507491796,Pave,Grvl,Reg,Lvl,AllPub,Inside,Gtl,NAmes,Artery,Norm,1Fam,2Story,5,7,1942,1995,Gable,CompShg,MetalSd,MetalSd,Stone,5.41610040220442,3,4,CBlock,TA,TA,No,LwQ,5.958424693029782,Unf,0.0,5.83773044716594,6.591673732008658,GasA,0,Y,SBrkr,6.790097235513905,6.6293632534374485,0.0,7.405495663199472,0,0.0,1,1,3,0.6931471805599453,2,7,Typ,2,Gd,Attchd,1942.0,Unf,1,312,TA,TA,Y,5.1298987149230735,0.0,0.0,0.0,0.0,0.0,MnPrv,Shed,0.0,6,2007,WD,Normal,11.89478753335453
4.110873864173311,RL,4.189654742026425,9.233861567017527,Pave,Grvl,Reg,Lvl,AllPub,Inside,Gtl,Gilbert,RRAn,Norm,1Fam,2Story,6,5,2005,2007,Gable,CompShg,VinylSd,VinylSd,BrkFace,0.0,2,4,PConc,Gd,TA,No,Unf,0.0,Unf,0.0,6.664409020350408,6.664409020350408,GasA,0,Y,SBrkr,6.664409020350408,6.553933404025811,0.0,7.3031700512368,0,0.0,2,1,3,0.6931471805599453,2,8,Typ,1,Gd,Attchd,2005.0,Fin,2,393,TA,TA,Y,0.0,4.290459441148391,0.0,0.0,0.0,0.0,MnPrv,Shed,0.0,7,2007,New,Partial,12.094587859196112
5.25227342804663,RM,4.110873864173311,9.33617975681533,Pave,Grvl,Reg,Lvl,AllPub,Inside,Gtl,OldTown,Norm,Norm,2fmCon,2Story,4,6,1885,1950,Gable,CompShg,VinylSd,AsbShng,BrkFace,0.0,3,4,PConc,TA,TA,No,Unf,0.0,Unf,0.0,6.656726524178391,6.656726524178391,GasA,2,Y,SBrkr,7.1284959456800365,6.951772164398911,0.0,7.736743682453495,0,0.0,2,0,4,1.0986122886681098,3,11,Typ,0,Gd,Detchd,1971.0,Unf,2,560,TA,TA,N,0.0,0.0,4.74493212836325,0.0,0.0,0.0,MnPrv,Shed,0.0,4,2010,WD,Normal,11.715874472198903
4.795790545596741,RM,4.248495242049359,8.030409562130485,Pave,Grvl,Reg,Lvl,AllPub,Inside,Gtl,Blmngtn,Norm,Norm,TwnhsE,1Story,7,5,2004,2004,Hip,CompShg,VinylSd,VinylSd,BrkFace,2.9444389791664403,2,4,PConc,Gd,TA,No,Unf,0.0,Unf,0.0,7.226936018493289,7.226936018493289,GasA,0,Y,SBrkr,7.254884810077338,0.0,0.0,7.254884810077338,0,0.0,2,0,2,0.6931471805599453,2,6,Typ,1,TA,Attchd,2004.0,Fin,2,398,TA,TA,Y,4.976733742420574,3.044522437723423,0.0,0.0,0.0,0.0,MnPrv,Shed,0.0,5,2006,WD,Normal,12.093693109638318
3.9318256327243257,RL,4.110873864173311,9.250618218474752,Pave,Grvl,Reg,Lvl,AllPub,Corner,Gtl,OldTown,Artery,Norm,1Fam,1.5Fin,3,4,1915,1950,Gable,CompShg,Wd Sdng,Wd Sdng,BrkFace,0.0,3,4,PConc,TA,TA,No,Unf,0.0,Unf,0.0,6.511745329644728,6.511745329644728,GasA,4,Y,SBrkr,6.543911845564792,6.255750041753367,0.0,7.102499355774649,0,0.0,1,0,3,0.6931471805599453,3,6,Typ,0,Gd,Detchd,1998.0,Unf,3,936,TA,TA,Y,5.37989735354046,0.0,5.081404364984463,0.0,0.0,0.0,MnPrv,Shed,0.0,1,2006,WD,Family,11.561725152903833
4.394449154672439,RL,4.553876891600541,8.964439833539357,Pave,Grvl,Reg,Lvl,AllPub,Inside,Gtl,Edwards,Norm,Norm,1Fam,SLvl,6,5,1976,1976,Gable,CompShg,Plywood,Plywood,BrkFace,0.0,3,4,CBlock,TA,TA,Av,ALQ,6.0473721790462776,BLQ,4.852030263919617,6.175867270105761,6.937314081223682,GasA,4,Y,SBrkr,7.0192966537150445,0.0,0.0,7.0192966537150445,1,0.0,1,0,3,0.6931471805599453,3,6,Typ,1,TA,Detchd,1976.0,Unf,2,672,TA,TA,Y,4.976733742420574,0.0,0.0,0.0,0.0,0.0,MnPrv,Shed,0.0,3,2010,WD,Abnorml,11.580593459194764
3.044522437723423,RL,4.248495242049359,9.192176401348512,Pave,Grvl,IR1,Lvl,AllPub,Inside,Mod,Mitchel,Norm,Norm,1Fam,1Story,6,5,1977,1977,Gable,CompShg,Plywood,ImStucc,BrkFace,0.0,3,4,PConc,TA,TA,Gd,ALQ,7.357556200910353,Unf,0.0,0.0,7.357556200910353,GasA,4,Y,SBrkr,7.357556200910353,0.0,0.0,7.357556200910353,1,0.0,2,0,2,0.6931471805599453,2,5,Typ,2,TA,Attchd,1977.0,RFn,2,714,TA,TA,Y,5.579729825986222,3.49650756146648,0.0,0.0,0.0,0.0,MnPrv,Shed,0.0,5,2009,WD,Normal,12.185875040240456
3.044522437723423,RL,4.262679877041316,9.050406334059858,Pave,Grvl,Reg,Lvl,AllPub,FR2,Gtl,Sawyer,Feedr,Norm,1Fam,1Story,5,5,1967,1967,Gable,CompShg,HdBoard,HdBoard,BrkFace,0.0,3,4,CBlock,TA,TA,No,ALQ,6.736966958001855,Unf,0.0,4.262679877041316,6.816735880594968,GasA,4,Y,SBrkr,6.816735880594968,0.0,0.0,6.816735880594968,0,0.0,1,0,3,0.6931471805599453,3,5,Typ,1,Fa,Detchd,1974.0,Unf,1,336,TA,TA,Y,0.0,0.0,0.0,0.0,0.0,0.0,MnPrv,Shed,0.0,5,2010,WD,Normal,11.736077016252436
5.081404364984463,FV,3.713572066704308,8.281977058867758,Pave,Pave,Reg,Lvl,AllPub,Corner,Gtl,Somerst,Norm,Norm,TwnhsE,2Story,6,5,2009,2009,Gable,CompShg,VinylSd,VinylSd,Stone,4.343805421853684,2,4,PConc,Gd,TA,Av,Unf,0.0,Unf,0.0,6.418364935936212,6.418364935936212,GasA,0,Y,SBrkr,6.418364935936212,6.418364935936212,0.0,7.110696122978827,0,0.0,2,1,2,0.6931471805599453,2,4,Typ,0,Gd,Detchd,2009.0,RFn,2,528,TA,TA,Y,0.0,5.459585514144159,0.0,0.0,0.0,0.0,MnPrv,Shed,0.0,6,2009,New,Partial,12.010671928196444
4.110873864173311,RL,4.31748811353631,9.224440496354964,Pave,Grvl,IR1,Lvl,AllPub,Corner,Gtl,Gilbert,Norm,Norm,1Fam,2Story,7,5,1998,1998,Gable,CompShg,VinylSd,VinylSd,BrkFace,3.713572066704308,3,4,PConc,Gd,TA,No,Unf,0.0,Unf,0.0,6.725033642166843,6.725033642166843,GasA,2,Y,SBrkr,6.786716950605081,6.726233402358747,0.0,7.449498005382849,0,0.0,2,1,3,0.6931471805599453,3,7,Typ,1,TA,Attchd,1998.0,Fin,2,427,TA,TA,Y,0.0,4.553876891600541,0.0,0.0,5.676753802268282,0.0,MnPrv,Shed,0.0,12,2009,WD,Normal,12.128116509451258
3.9318256327243257,RL,3.8918202981106265,9.458995712459116,Pave,Grvl,IR1,Lvl,AllPub,CulDSac,Gtl,Mitchel,Norm,Norm,1Fam,1.5Fin,7,5,2003,2003,Gable,CompShg,VinylSd,VinylSd,BrkFace,0.0,2,4,PConc,Ex,TA,No,GLQ,7.20934025660291,Unf,0.0,4.430816798843313,7.268920128193722,GasA,0,Y,SBrkr,7.325807502595773,6.448889394146858,0.0,7.673223121121708,1,0.0,1,1,1,0.6931471805599453,2,6,Typ,1,Ex,Attchd,2003.0,RFn,2,670,TA,TA,Y,5.1298987149230735,3.784189633918261,0.0,0.0,5.293304824724492,0.0,MnPrv,Shed,0.0,8,2009,WD,Abnorml,12.387089184491993
3.9318256327243257,RL,4.454347296253507,9.276034475171546,Pave,Grvl,Reg,Lvl,AllPub,Inside,Gtl,NoRidge,Norm,Norm,1Fam,1.5Fin,8,5,1992,2000,Hip,CompShg,HdBoard,HdBoard,BrkFace,5.823045895483019,2,4,PConc,Gd,TA,No,GLQ,6.55250788703459,Unf,0.0,6.891625897052253,7.428927194802272,GasA,0,Y,SBrkr,7.6638772587034705,6.612041034833092,0.0,7.96311205897929,0,0.0,2,1,4,0.6931471805599453,2,9,Typ,1,TA,Attchd,1992.0,Fin,2,541,TA,TA,Y,0.0,3.5263605246161616,0.0,0.0,0.0,0.0,MnPrv,Shed,0.0,4,2007,WD,Normal,12.560247968016562
3.044522437723423,RL,4.262679877041316,9.037771106624906,Pave,Grvl,Reg,Lvl,AllPub,Inside,Gtl,Sawyer,Norm,Norm,1Fam,1Story,6,8,1963,2003,Hip,CompShg,HdBoard,HdBoard,BrkFace,0.0,3,4,CBlock,TA,TA,No,GLQ,6.498282149476434,Unf,0.0,5.983936280687191,6.966024187106113,GasA,4,Y,SBrkr,6.974478911025045,0.0,0.0,6.974478911025045,0,0.6931471805599453,1,0,3,0.6931471805599453,3,6,Typ,0,Gd,Attchd,1963.0,RFn,1,264,TA,TA,Y,5.262690188904886,0.0,0.0,0.0,0.0,0.0,MnPrv,Shed,0.0,2,2006,WD,Normal,11.9479558477909
4.394449154672439,RL,3.6375861597263857,8.97941663334301,Pave,Grvl,IR1,Lvl,AllPub,CulDSac,Gtl,Mitchel,Norm,Norm,1Fam,SLvl,6,6,1984,1984,Gable,CompShg,HdBoard,HdBoard,BrkFace,0.0,3,4,CBlock,TA,TA,Av,GLQ,6.709304340258298,Unf,0.0,5.220355825078324,6.911747300251674,GasA,4,Y,SBrkr,6.911747300251674,0.0,0.0,6.911747300251674,1,0.0,1,0,3,0.6931471805599453,3,6,Typ,0,Gd,Detchd,1984.0,Unf,2,588,TA,TA,Y,4.795790545596741,0.0,0.0,0.0,0.0,0.0,GdPrv,Shed,0.0,3,2006,WD,Normal,11.86710429621008
3.9318256327243257,RL,5.030437921392435,9.403849118160702,Pave,Grvl,IR1,Bnk,AllPub,Inside,Mod,Gilbert,Norm,Norm,1Fam,1.5Fin,8,7,1988,2005,Gable,CompShg,Wd Sdng,Wd Sdng,BrkFace,0.0,2,4,Wood,Gd,TA,Av,GLQ,6.059123195581797,Unf,0.0,4.890349128221754,6.327936783729195,GasA,2,Y,SBrkr,6.985641817639208,6.511745329644728,0.0,7.469083884921234,0,0.0,2,0,4,0.6931471805599453,3,8,Typ,0,Gd,Basment,1988.0,RFn,2,492,TA,TA,Y,5.786897381366708,2.5649493574615367,0.0,0.0,0.0,0.0,MnPrv,Shed,0.0,6,2010,WD,Normal,12.00762780434872
4.110873864173311,RL,4.248495242049359,9.24038449332456,Pave,Grvl,IR1,Lvl,AllPub,CulDSac,Gtl,NWAmes,PosN,Norm,1Fam,2Story,5,7,1976,1976,Gable,CompShg,Plywood,Plywood,BrkFace,3.80666248977032,3,2,CBlock,TA,TA,No,ALQ,5.945420608606575,Unf,0.0,5.991464547107982,6.660575149839686,GasA,0,Y,SBrkr,6.9930151229329605,6.660575149839686,0.0,7.533158807455563,1,0.0,2,1,4,0.6931471805599453,2,9,Typ,1,TA,Attchd,1976.0,Unf,2,484,TA,TA,Y,6.107022887742255,4.574710978503383,0.0,0.0,0.0,0.0,MnPrv,Shed,0.0,10,2009,WD,Normal,12.193498926601634
4.394449154672439,RL,4.248495242049359,9.118882761487349,Pave,Grvl,IR1,Lvl,AllPub,Inside,Gtl,Gilbert,Norm,Norm,1Fam,SLvl,7,5,1992,1992,Gable,CompShg,HdBoard,HdBoard,BrkFace,5.14166355650266,3,4,PConc,Gd,TA,No,Unf,0.0,Unf,0.0,5.953243334287785,5.953243334287785,GasA,2,Y,SBrkr,6.70073110954781,6.508769136971682,0.0,7.301822342137932,0,0.0,2,1,3,0.6931471805599453,2,7,Typ,1,TA,Attchd,1992.0,Fin,2,392,TA,TA,Y,4.61512051684126,3.258096538021482,0.0,0.0,0.0,0.0,MnPrv,Shed,0.0,7,2007,WD,Normal,12.007017865994577
4.110873864173311,RL,4.51085950651685,9.338557669776936,Pave,Grvl,Reg,Lvl,AllPub,Corner,Gtl,CollgCr,Norm,Norm,1Fam,2Story,8,5,2002,2002,Gable,CompShg,VinylSd,VinylSd,BrkFace,5.351858133476067,2,4,PConc,Gd,TA,Mn,GLQ,6.838405200847344,Unf,0.0,4.897839799950911,6.97166860472579,GasA,0,Y,SBrkr,6.9957661563048505,6.80128303447162,0.0,7.595889917718538,1,0.0,2,1,3,0.6931471805599453,2,7,Typ,1,Gd,Attchd,2002.0,Fin,2,586,TA,TA,Y,5.298317366548036,4.110873864173311,0.0,0.0,0.0,0.0,MnPrv,Shed,0.0,11,2006,WD,Normal,12.449022745701502
3.044522437723423,RL,4.248495242049359,10.954326659732557,Pave,Grvl,IR1,Bnk,AllPub,Inside,Sev,Timber,Norm,Norm,1Fam,1Story,5,5,1948,1950,Gable,CompShg,Wd Sdng,Wd Sdng,BrkFace,0.0,3,4,CBlock,TA,TA,Av,BLQ,5.869296913133774,Rec,5.814130531825066,4.110873864173311,6.617402977974478,GasA,4,Y,SBrkr,7.431299675155903,0.0,0.0,7.431299675155903,1,0.0,1,0,3,0.6931471805599453,3,7,Min1,2,TA,Detchd,1966.0,Unf,2,572,TA,TA,N,0.0,0.0,3.9318256327243257,0.0,0.0,0.0,MnPrv,Shed,0.0,6,2010,WD,Normal,11.982935344196433
3.044522437723423,RL,4.110873864173311,9.105090961257083,Pave,Grvl,Reg,Lvl,AllPub,FR2,Gtl,NAmes,Norm,Norm,1Fam,1Story,4,6,1971,1971,Gable,CompShg,HdBoard,HdBoard,BrkFace,0.0,3,4,PConc,TA,TA,No,ALQ,6.424869023905388,Unf,0.0,5.517452896464707,6.762729506931879,GasA,4,Y,SBrkr,6.762729506931879,0.0,0.0,6.762729506931879,0,0.0,1,0,3,0.6931471805599453,3,5,Typ,0,Gd,Detchd,1974.0,Unf,2,528,TA,TA,Y,0.0,0.0,0.0,0.0,0.0,0.0,GdWo,Shed,0.0,5,2007,WD,Normal,11.6994133306336
3.044522437723423,RL,4.262679877041316,9.036106025364846,Pave,Grvl,Reg,Lvl,AllPub,Inside,Gtl,NAmes,Feedr,Norm,1Fam,1Story,5,5,1968,1968,Hip,CompShg,HdBoard,HdBoard,BrkFace,5.1298987149230735,3,4,CBlock,TA,TA,Av,BLQ,6.92461239604856,Unf,0.0,3.610917912644224,6.959398512133975,GasA,2,Y,SBrkr,6.959398512133975,0.0,0.0,6.959398512133975,1,0.0,1,1,3,0.6931471805599453,3,5,Typ,0,Gd,Attchd,1968.0,RFn,1,288,TA,TA,Y,5.877735781779639,0.0,0.0,0.0,0.0,0.0,GdWo,Shed,0.0,11,2006,WD,Normal,11.83863282480007
5.25227342804663,RL,4.02535169073515,8.646113971483077,Pave,Grvl,Reg,Bnk,AllPub,Inside,Gtl,SWISU,Norm,Norm,2fmCon,2Story,5,6,1912,2000,Gable,CompShg,VinylSd,VinylSd,BrkFace,0.0,3,1,PConc,TA,Fa,No,Rec,5.351858133476067,Unf,0.0,6.3473892096560105,6.660575149839686,GasA,0,N,SBrkr,6.842683282238422,6.660575149839686,0.0,7.448333860897476,1,0.0,2,0,6,0.6931471805599453,1,9,Typ,0,Gd,Attchd,1980.0,Unf,0,0,TA,TA,N,0.0,5.220355825078324,0.0,0.0,0.0,0.0,MnPrv,Shed,0.0,3,2008,WD,Normal,11.819681958463892
4.262679877041316,RM,4.060443010546419,9.20099685697303,Pave,Grvl,Reg,Lvl,AllPub,Inside,Gtl,OldTown,Norm,Norm,1Fam,2Story,4,4,1925,1950,Gable,CompShg,MetalSd,MetalSd,BrkFace,0.0,3,4,CBlock,TA,TA,No,Unf,0.0,Unf,0.0,6.532334292222349,6.532334292222349,GasA,1,N,SBrkr,6.698268054115413,6.251903883165888,0.0,7.192182058713246,0,0.0,1,0,3,0.6931471805599453,3,8,Typ,0,Gd,Detchd,1940.0,Unf,1,210,TA,TA,Y,0.0,5.153291594497779,4.110873864173311,0.0,0.0,0.0,MnPrv,Shed,0.0,9,2006,WD,Family,11.580593459194764
3.044522437723423,FV,4.454347296253507,9.125653563808989,Pave,Grvl,Reg,Lvl,AllPub,Inside,Gtl,Somerst,Norm,Norm,1Fam,1Story,9,5,2009,2009,Gable,CompShg,CemntBd,CmentBd,Stone,5.093750200806762,0,4,PConc,Ex,TA,Mn,GLQ,7.022868086082641,Unf,0.0,6.470799503782602,7.477038472319696,GasA,0,Y,SBrkr,7.477038472319696,0.0,0.0,7.477038472319696,1,0.0,2,1,2,0.6931471805599453,0,7,Typ,1,Gd,Attchd,2009.0,Fin,3,478,TA,TA,Y,5.278114659230517,4.875197323201151,0.0,0.0,0.0,0.0,MnPrv,Shed,0.0,10,2009,New,Partial,12.823631142839984
4.110873864173311,RL,4.30406509320417,9.047821442478408,Pave,Grvl,IR1,Lvl,AllPub,Inside,Gtl,Gilbert,Norm,Norm,1Fam,2Story,6,5,2006,2007,Gable,CompShg,VinylSd,VinylSd,BrkFace,0.0,3,4,PConc,Gd,TA,No,Unf,0.0,Unf,0.0,6.424869023905388,6.424869023905388,GasA,0,Y,SBrkr,6.424869023905388,6.680854678790215,0.0,7.253470382684528,0,0.0,2,1,3,0.6931471805599453,2,6,Typ,1,Gd,BuiltIn,2007.0,Fin,2,432,TA,TA,Y,0.0,3.610917912644224,0.0,0.0,0.0,0.0,MnPrv,Shed,0.0,3,2007,New,Partial,11.963574241653712
3.044522437723423,RL,4.394449154672439,9.169622538697624,Pave,Grvl,Reg,Lvl,AllPub,Inside,Gtl,NAmes,Feedr,Norm,1Fam,1Story,6,6,1958,1988,Hip,CompShg,Wd Sdng,Wd Sdng,BrkCmn,5.214935757608986,3,4,CBlock,TA,TA,No,Rec,6.431331081933479,LwQ,6.431331081933479,0.0,7.123672785204607,GasA,2,Y,SBrkr,7.398174092970465,0.0,0.0,7.398174092970465,1,0.0,2,0,3,0.6931471805599453,3,6,Min1,1,Gd,Attchd,1958.0,RFn,1,338,TA,TA,Y,5.66988092298052,0.0,0.0,0.0,0.0,0.0,MnPrv,Shed,0.0,4,2009,WD,Normal,11.842236406331557
4.110873864173311,RL,4.418840607796598,9.205428327615165,Pave,Grvl,IR1,Lvl,AllPub,Inside,Gtl,NoRidge,Norm,Norm,1Fam,2Story,7,5,1995,1995,Gable,CompShg,VinylSd,VinylSd,BrkFace,5.673323267171493,2,4,PConc,Gd,TA,No,GLQ,6.338594078203183,Unf,0.0,6.459904454377535,7.093404625868766,GasA,0,Y,SBrkr,7.102499355774649,7.175489713624222,0.0,7.83241092718792,0,0.0,2,1,4,0.6931471805599453,2,9,Typ,1,TA,Attchd,1995.0,RFn,3,721,TA,TA,Y,5.41610040220442,4.74493212836325,0.0,0.0,0.0,0.0,MnPrv,Shed,0.0,6,2007,WD,Abnorml,12.577639650232571
